X,Y
1798.304,669.0893
1886,684.9403
1696.909,686.7273
2313.436,690.9636
2158.792,692.9861
2108.143,693.5476
2171.975,696.725
1638.233,702.0667
1839.851,712.9362
1858.571,720.3265
1845.536,722.1594
2380.738,726.2621
1794.202,726.7619
1947.544,735.0778
1551.467,731.1778
1887.788,737.6795
1651.113,740.1125
2454.135,738.2703
2488.426,746.6595
1896.338,748.831
2130.436,751.0909
1792.295,764.3461
2518.772,771.9874
2278.224,774.4605
1819.8,773.3
2102.9,774.3333
1712.898,778.0204
1800.536,777.7857
2068.444,778.0833
1734.6,781.275
2092.379,781.6552
1570.298,790.0385
2032.357,791.2321
2491.354,793
2512.874,793.7717
1918.193,795.0741
1947.316,795.6316
2051.805,798.9025
2488,801.7368
2103.542,805.6949
2120.125,807.1563
2055.48,809.12
1904.649,814.7402
1926.958,812.625
2026.2,812.1334
2043.792,814.7917
1984.468,818.4894
2033.339,818.2923
2081.392,819.6274
1925.421,818.2105
2625.5,819.8666
2395.5,823.675
1976.326,824.1163
1927.94,829.3929
2079.481,828
2042.634,834.9014
2106.692,829
2402.137,832.3699
1564.823,833.1177
1975.056,834.5278
2524.572,834.8571
2010.708,841.75
1789.158,839.7368
2631.49,840.2549
1562.682,842.7045
1699.038,845.2308
2038.068,843.8864
1554.567,850.725
1897.324,848.9155
1860.647,847
2074.906,846.4688
1688.923,848.6154
1850.5,849.881
2092.613,850.7419
2627.525,851.15
1866.756,858.5652
2704.983,855.2931
1535.25,854.1563
2085.63,853.9259
2025.051,855
1812.15,855.75
2421.714,857.8929
2552.368,861.2059
1966.881,861.8095
2721.833,861.3333
1643.969,862.3384
1807.083,861
2074.324,863.0676
1889.957,866.6489
2239.206,870.6617
2118.531,865.2813
2609.736,867.7358
2129.393,867.375
1969.571,866.8571
2133.023,872.3488
1284.778,875.2735
1679.916,877.0482
2346.634,875.2817
1890.99,879.1579
2618.165,878.2418
1416.321,877.2321
1783.755,877.1698
2158.48,879.0649
2213.533,884.2444
2694.545,876.1818
1962.5,880.0333
2039.682,887.5303
1353.125,883.25
1373.159,886.5555
1747.5,883.5
2567.14,885.6667
2277.75,886.1875
1383.606,887.1212
1409.125,889.6389
1424.027,888.6165
2089.921,890.3
1479.267,889.5
1236.458,893.7083
1432.2,893.3333
1606.545,896.7273
2138.45,893.8
2132.957,895.6522
2037.71,898.871
1323.034,905.3135
1390.979,901.6042
2628.469,906.2813
1959.294,902.7059
1246.974,904.4737
2368.633,906.2833
2221,905.6842
2613.525,908.541
2787.143,906.1429
1234.395,913.3704
1250.241,911.2414
1404.039,910.6863
2771.015,914.5224
1521.6,913.1334
2778.273,912.5455
2602.188,913.75
2759.545,914.8182
1673.936,920.3405
2140.444,921.5
2354.161,920.5
1520.885,922.2115
1817.387,925.44
2312.87,919.7826
2779.791,924.1319
1343.313,922.4776
1257.097,924.7097
2333.633,927.0816
2169.552,933.6119
2756.053,928.4035
2069.323,931.1613
2047.309,931.5273
2436.326,934.4783
2487.288,933.339
1964.5,932.7143
2347.008,937.2667
2095.783,936.4348
2429.879,937.7273
1362.56,937.64
1586,937.5
2039.3,938.9
2332.292,938.7917
2660.453,940.6406
2510,941.2917
1330.408,942.7143
1507.667,943.7667
1788.441,944.1017
2048.596,945.25
2555.416,944.7532
1824.807,947.7349
2517.2,947.6
1589.167,948.2381
1546.222,951.8271
1764.06,951.98
1734.553,952.7368
1835.414,951.2414
2594.864,953.2576
1333.232,952.8929
2816.396,957.375
2671.726,959.7177
1148.318,959.1212
2492.273,960.2
1947.286,959.8571
2684.829,960.4286
2850.213,961.96
1611.636,960.8182
2349.516,963.2258
1511.333,963.3
1339.2,966.6533
1773.615,967.1539
2350.988,973.2625
2254.12,971.5
1856.125,972.4286
1596.964,976.1818
2464,973.3864
2342.727,976.2273
2651.705,978.082
2032.567,981.1731
1680.864,979.3182
1167.291,986.5743
1694.436,985.8182
1918.5,983.9355
1683.778,983.2778
2705.468,988.2766
2347.262,991.6667
2355.139,989.8889
2502.29,992.28
1502.667,990.5333
2411.75,991.3333
1488.086,995.1505
1920.333,998.3333
2853.947,998.9067
2026.354,1001.521
1759.135,1000.973
2899.221,1004.662
1816.923,1007.738
2070.94,1006.86
2059.982,1007
1751.171,1008.244
2239.022,1010.652
1961.357,1011.643
2857.113,1012.283
2903.731,1016.269
2359,1013.962
2509.412,1013.882
1838.391,1014.957
1984,1013.917
1799.018,1016.164
1879.333,1016.436
2897,1017.5
1421.69,1018.81
2250.632,1018.544
1826.909,1018.558
2691.762,1019.738
1888.169,1028.352
2448.822,1030.685
2109.823,1036.088
2594.688,1033.875
2676.231,1035.115
1345.158,1037.649
1435.942,1037.269
1851.462,1034.385
1227.785,1036.708
2193,1037.308
2334.158,1039.035
2127.263,1039.526
2366.235,1038.137
1455.653,1041.639
2598.232,1043.366
1448.1,1041.2
1763.229,1044.279
2651.526,1044.509
1081.313,1049.211
1193.73,1044.865
1294.841,1046.73
1620.292,1048.667
2190.823,1045.353
2283.04,1049.667
2185.226,1053.057
2325.018,1051.625
2941.491,1055.8
2839.362,1058.42
1757.016,1056.443
1626.388,1057.047
2632.36,1056.5
2653.623,1058.525
1980.014,1058.329
1424.708,1059.938
1431.906,1057.563
1838.967,1059.3
1913.951,1060.256
1383.258,1060.048
1727.353,1059.735
2221.867,1058.467
2056.591,1060.636
2075.678,1062.831
2241,1060.368
2613.151,1063.965
1118.867,1064.467
1886.253,1066.608
2223.105,1063.579
2242,1066.611
2113.225,1067.927
1417.815,1067.815
2006.629,1069.032
2016.963,1068.838
1092.747,1072.542
1371.719,1069.895
2070.1,1067.4
1114.96,1069.68
1862.648,1076.289
2133.39,1073.627
1979,1069.2
1034.418,1078.291
1696.6,1071.75
2657.385,1076.231
1784.467,1073.933
2123.947,1075.132
2181.358,1075.418
2085.967,1075
2594.948,1075.429
2616.972,1079.377
1471.823,1075.353
1887.5,1079.882
2187.094,1083.226
2920.327,1086.038
1904.796,1084.449
1898,1086.4
2064.678,1086.571
2556.34,1088.128
2169.642,1089.478
2377.172,1091.813
1666.789,1090.684
2291.096,1091.038
2132.3,1090.3
2564.455,1090.364
1514.175,1094.825
1412.25,1093.139
2541.484,1094.563
2273.769,1099.769
1651.882,1099.591
2561.652,1099.212
2598.667,1100.773
1407.753,1102.151
2867.171,1101.071
2333.885,1101.462
2591.179,1104.603
2293.732,1102.304
1775.098,1105.89
2907.175,1106.45
2537.651,1108.012
1628.176,1108.324
2875.4,1107.6
3009.692,1107.192
1741.136,1106.636
1878.248,1116.172
2614.8,1111.164
1721.333,1111.933
2741.7,1112.9
1279.863,1117.512
1543.679,1118
1580.424,1115.212
1027.696,1115.826
2888.21,1120.667
2738.121,1119.424
2053.063,1121.582
2539.284,1125.739
2298.469,1123.117
2631.404,1130.126
988.9388,1126.245
2225.613,1131.67
1428.633,1133.734
2173.099,1133.113
2135.795,1131.932
2577.606,1132.131
2033.636,1129.909
1055.336,1135.605
1593.927,1136.073
2235,1136.575
2565.559,1138.814
1924.525,1141.934
2372.855,1139.322
1762,1137.921
2106.822,1144.313
1330.935,1140.974
2270.813,1143.373
2462.903,1149.363
1803.627,1148.307
2158.461,1144.885
2149.058,1152.015
1207.918,1148.822
1795.429,1147.357
2479.631,1158.287
1752.955,1151
2066.464,1152.87
1758.385,1152.577
2539.385,1151.615
2610.857,1153.571
2758.304,1152.565
961.4717,1157.283
1052.979,1158.175
2449.104,1155.414
1415.046,1160.562
2359.028,1157.556
1979.5,1157.231
1209.407,1157.78
2701.35,1157.9
1347.741,1160.586
2430.347,1160.208
2091.077,1160.692
2784.796,1160.389
1039.375,1162.875
2454.027,1163.568
2371.046,1163.646
1667.478,1165.348
1390.857,1165.238
2689.413,1166.556
3020.54,1165.81
2514.747,1168.862
1009.885,1168.212
2636.059,1169.373
1424.55,1168.4
1625.096,1170.154
2524.708,1171.771
2203.986,1172.167
2995.09,1173.85
1735.375,1176.107
1984,1173
1619.973,1176.946
934.6977,1177
1666.482,1179.782
2877.382,1180.309
1985.321,1180.893
2250.8,1178.5
2639.912,1182.456
958.7838,1184.324
1977.965,1187.814
1286.397,1188
1476.273,1187.068
1738.691,1190.882
2996.956,1192.632
1890.823,1192.809
2485.461,1189.308
1782.417,1193.25
2643.926,1198.42
2560.627,1197.92
2583.36,1196.56
2628.975,1199.469
2587.5,1200.846
1900.925,1202.868
2044.04,1205.404
1314.164,1203.436
2457.265,1202.294
990.1379,1203.586
2907.783,1206.617
1491.267,1205
1321.783,1206
2057.572,1205.286
1810.853,1208.147
2564,1207.833
2466.667,1213.778
1456.895,1216.079
2887.528,1214.604
914.037,1215.704
1413.729,1221.118
1237.448,1220.776
1322.387,1222.973
2837.612,1219.551
2879.444,1222.374
1275.754,1220.439
1517.172,1219.914
2039.698,1220.442
2066.628,1223.218
3045.806,1224.86
1805.441,1223.971
1201.031,1225.281
1638.113,1229.075
3016.068,1230.205
2808.684,1230.684
1525.44,1234.33
3069.877,1231.694
2227.481,1232.741
1200.571,1233.029
1473.132,1236.453
1856.66,1236.88
2248.302,1236.837
3005.279,1235.382
1490.1,1233.85
1769.392,1235.941
3063.63,1236.926
2015.987,1239.769
2667.833,1238.5
2377.183,1241.717
2411.611,1245.403
1817,1243.2
1118.932,1243.847
2324.113,1243.935
2249.857,1243.929
3094,1245.667
1656.793,1248.037
1906.047,1248.094
2513.173,1246.893
2006.694,1246.806
2619.754,1250.115
2206,1252.161
2973.742,1253.083
910.3943,1255.535
1978.379,1257.712
2257.722,1253.222
2350.967,1253.367
2636.407,1255.87
2000.581,1256.674
1230.467,1258.244
1440.361,1259.508
2196.241,1258.103
2707.451,1259.961
2399.917,1259.75
2855.673,1262.618
3057.34,1267.874
2584.921,1266.397
2375.588,1264.647
2691.582,1266.018
1922.263,1265.842
942.1066,1272.271
2323.783,1272.917
2559.986,1274.422
1946.929,1272.214
2387.889,1272.852
2860.928,1276.536
2765.297,1279.784
2630.182,1275.182
3017.855,1281.079
2166.849,1278.962
1479.089,1281.411
1960.082,1282.845
1844.5,1278.714
2092.519,1283.327
1375.342,1282.868
1997.6,1284.411
1503.571,1286.769
2580.978,1282.37
3097.577,1285.308
2384.119,1285.667
1582.544,1288.029
2255.842,1290.97
1210.413,1294.493
2157.869,1293.232
2543.2,1288.867
3008.818,1288.455
2086.912,1293.702
1810.32,1300.434
1382.219,1295.397
2399,1296.077
2099,1298.063
2409.46,1304.397
1047.939,1302.788
2981.542,1303.396
1078.056,1303.75
2927.815,1307.407
3144.167,1306.625
1317.119,1308.209
2227.826,1314.724
3122.649,1307.676
2496.238,1309.286
1106.119,1312.045
2651.677,1317.75
1565.067,1313
1605.237,1324.564
2974.75,1313.25
1745.5,1315
1821.206,1320.838
3070.487,1316.189
1218.164,1319.918
2526.844,1320.033
2984.678,1318.821
1101.828,1323.422
1995.701,1325.463
2754.917,1322.817
1535.935,1328.19
2619.273,1326.182
2154.438,1327.594
2290.042,1328.563
2517.691,1330.321
2074.7,1332.04
2828.45,1331.817
1281.222,1336.254
2370.586,1332.586
3088.195,1333.317
1567.918,1334.367
2807.951,1336.432
1868.974,1336.947
2155.22,1336.805
2272.348,1335.522
3027.698,1340.859
1546.2,1337.333
2618.18,1338.72
2167.632,1340.053
1881.302,1339.395
2089.75,1339.938
1747.159,1346.195
2277.6,1340.35
2611.872,1343.359
836.4375,1344.641
2026.613,1341.968
1599.7,1344.35
2636.741,1347
1551.78,1350.604
2815.706,1345.118
1371,1345.985
2588.93,1349.548
1351.385,1348.923
2676.762,1349.444
2868.381,1349.095
2126.029,1352.265
1111.695,1357.158
2391,1353.933
2467.74,1352.6
2599.323,1353
2989.831,1356.729
2150.986,1358.817
2687.815,1361.074
1203.655,1358.964
2485.675,1359.234
2891.282,1359.873
835.0492,1361.656
1195.235,1359.941
1757.889,1361.889
1259.95,1362.25
2052.823,1365.456
2316.938,1366.406
2461.296,1366.296
2763.813,1364
2796.573,1369.103
2804.267,1366.283
1130.909,1365.182
2135.108,1367.919
2439.686,1368.586
1779.12,1366.84
1256.806,1369.694
1486.7,1369.7
1625.204,1371.735
1888.418,1375.367
3140.303,1373.621
2629.282,1375.026
2459.708,1373.708
2559.432,1377.227
1628.568,1379.023
2848.804,1379.235
2639.069,1383.042
1467.273,1384.08
3056.215,1384.304
1609.106,1384.957
2426.043,1385.322
1780.841,1386.205
3080.639,1388.148
2502.905,1385.262
836.4286,1386.286
1435.273,1384.818
1726.091,1387.212
1924.929,1388.929
1047.781,1388.25
2509.961,1387.538
3024.258,1388.323
1857.992,1389.669
2029.769,1387.462
2414.5,1387.75
2490.643,1386.429
2713.214,1391.69
842.75,1389.25
2408.733,1389.667
1806.338,1394.028
847.913,1392.696
2841.471,1393.667
2958.89,1395.562
1051.273,1394.818
1893.429,1396.806
2401.412,1392.235
2451.471,1392.765
1927.108,1399.081
2677.727,1400.753
1920.103,1400.276
2978.481,1399.685
962.8163,1402.092
2569.457,1403.457
1901.677,1402.309
2322.081,1406.69
2702.4,1401.7
1738.239,1407.958
2073.128,1407.213
1536.308,1405.769
1985.536,1407.464
2290.364,1410.231
3118.733,1409.7
3014.192,1410.359
3023.844,1410.182
3199.48,1408.1
2549.532,1412.553
1577.945,1413.927
2424.822,1415.356
2989.762,1414.841
998.9231,1414.708
2231.871,1415.581
1060.231,1415.077
1136.849,1414.788
2082.909,1413.909
3064.692,1413.615
923.6207,1419.793
1618.2,1416.582
1674.07,1417.737
3092.714,1418.531
1513.321,1421.245
2270.024,1419.238
932.6316,1421
1349.714,1420.786
1902.654,1421.923
3120.44,1429.024
1716.037,1420.963
3107.667,1426.861
980.8104,1427.914
1629.434,1430.138
2367.983,1431.086
2952.282,1427.59
3079.5,1430.885
2349.421,1428.263
2432.171,1430.829
828.125,1433.302
1335.571,1431.583
1898.071,1428.286
2378.203,1434.689
2513.138,1437.747
1837.534,1435.753
1617.636,1433.455
2560.539,1438.506
2944.256,1437.846
1137,1437
1940.123,1442.947
2746.312,1439.492
1403.737,1441.132
1513.324,1443.254
2348.512,1446.363
2556.588,1446.118
848.7283,1457.011
2210.72,1448.44
2224.28,1453.74
1509.031,1453.446
1525.376,1453.465
2333.667,1449.75
2963.645,1450.097
2365.692,1452.538
2407.121,1451.758
2940.49,1454.66
1559.464,1457.964
1127.969,1456.25
2786.717,1458.891
3067.489,1461.693
1637.286,1460.603
2979.1,1459.1
1538.143,1460.321
1630.143,1462.333
2240.386,1467.591
2972.354,1464.544
882.5185,1464.049
1650.767,1467.552
1917.132,1463.947
964.5424,1468.373
1001.109,1470.288
1885.853,1466.647
1446.046,1470.538
2991.259,1469.519
2532.412,1468.765
2915.276,1479.173
2933.986,1475.586
2918.063,1469.313
814.0704,1473.408
895.5844,1473.532
1914.741,1474.603
841.375,1474.271
2205.489,1472.622
2922.85,1473.35
1856.871,1479.423
1695.862,1478.446
3174.178,1477.616
2655.633,1484.214
1524.667,1479.373
866.1039,1482.662
2844.325,1485.06
2334.696,1483.967
966.3235,1483.632
1295.014,1484.871
1520.729,1489.864
1865,1489.633
2683.729,1489.094
1048.907,1490.593
1852.933,1488.667
1857.947,1490.158
1115.356,1495.05
2335.898,1495.102
2611.866,1497.061
2672.603,1494.238
938.5765,1497.988
1547.423,1495.538
988.875,1497.625
1419.105,1497.825
1803.122,1497.195
844.6296,1509.389
2995.524,1497.238
2444.211,1501.75
2677.121,1506.318
2942.029,1502.118
1541.517,1504.586
1942.15,1505.017
1959.559,1507.271
2171.762,1505.095
1617.195,1508.756
754.7969,1511.797
2295.778,1509.333
1696.177,1513.672
2732.488,1515.451
1211.296,1517.6
1267.226,1515.032
1593.121,1514.151
1872.724,1514.655
2432.962,1514.226
2856.677,1514.419
2182.416,1519.751
2765.655,1521.403
1856.636,1515.091
2328.866,1520.207
2852.636,1519
2143.183,1521.6
2159.245,1520.102
2347.238,1518.786
926.625,1521.431
1509.361,1522.711
1611.784,1522.973
1941.359,1523.943
1091.11,1528.154
2534.62,1525.62
1186.312,1528.844
1223.043,1530.015
3168.758,1531.232
2200.37,1529.593
2333.8,1530.25
3156.591,1529.341
1507.606,1531.578
3216.193,1532.544
1340.905,1536.569
2356.804,1534.5
2552.861,1535.65
1066.647,1533.353
3134.897,1538.51
737.2344,1537.297
2175.643,1534.929
2523.271,1544.213
1171.75,1537.5
2538.438,1536.625
2987.741,1538.296
2260.151,1543.26
2597.5,1539.286
2982,1540.844
3264.471,1544.953
3072.031,1545.154
2648.475,1546.662
3017,1545.434
1575.944,1545.222
1675.471,1547.157
846.3333,1546.792
1874.169,1547.954
2096.418,1550.418
983.5455,1548.091
2398.447,1549.339
2589.842,1547.158
2791.135,1552.975
3150.886,1549.857
858.75,1552.615
1057.484,1553.226
1534.468,1556.617
2104.302,1555.116
3156.091,1555.151
1714.754,1564
1053.32,1559
875.3636,1559.182
1704.96,1561.36
3051.928,1563.3
2107.611,1562.056
2519.935,1564.783
2589.636,1564.727
847.625,1567.156
1401.848,1566.261
1499.5,1565.5
2659.4,1567.988
3151.934,1569
1700.417,1566.75
3173.34,1568.604
1182.635,1571.811
1689.347,1570.51
2573.65,1574.815
1462.895,1575.368
828.1429,1576.02
1701.361,1577.361
1832.67,1581.138
2655.79,1578.105
1266.794,1581.48
2150.605,1580.158
1712.417,1582
2561.525,1583.6
1606.394,1582.242
2398.508,1584.984
1857.814,1584.61
2258.783,1583.917
1847.391,1584.13
3110.848,1588.939
851.0769,1586.308
2250.426,1592.315
1535.25,1589.909
3200.692,1589.103
2213.833,1591.104
2537,1593.984
2694.125,1588.804
2262.548,1589.742
2678.63,1588.333
2906.813,1589.563
814.5366,1592.024
827.8082,1591.027
1438.048,1591.571
2550.811,1590.132
1973.922,1593.156
3225.072,1594.048
1673.936,1596.319
1721.919,1597.596
858.4044,1599.603
2146.817,1601.024
2715.818,1601.597
2476.282,1596.051
3283.621,1597.81
1168.2,1600.227
1524.375,1598.438
2400.461,1598.154
2554.4,1599.76
2015.967,1600.6
1218.758,1603.061
2707.92,1601.48
1275.617,1603.167
1626.949,1603.797
1865.333,1603.767
1080.14,1604.842
2547.167,1608.188
1375.95,1606.35
1499.857,1608.74
1701.067,1609.333
1226.128,1613.192
1531.067,1609.4
3100.551,1612.755
1205.032,1613.774
2295.879,1613.759
2902,1614.169
3266.097,1614.731
1681.823,1612.823
2555.857,1615.057
2659.588,1612.882
2521.432,1615.784
2044.135,1617.18
3134.039,1616.673
853.0375,1620.1
2033.6,1615.6
2128.219,1618.563
2243.353,1620.255
2547.421,1616.684
1143.075,1619.836
1199.805,1618.61
2339.44,1619.4
2975.868,1620.245
1274.983,1622.217
1520.818,1619.182
1154.821,1622.627
1149.3,1625.9
1658.275,1626.706
2733.814,1628.661
1973.412,1625.471
2055.244,1630.872
2071.778,1629.506
2717.804,1629.505
3126.626,1630.351
2536.323,1628.935
2976.83,1627.872
1458.412,1628.912
1624.884,1628.884
2397.241,1630.517
1481.587,1630.022
942.4615,1635.176
2463.859,1632.31
2123,1631.1
2802.933,1635.333
2065.5,1638.13
2353.138,1639.277
2369.16,1640.753
2481.375,1637.125
2519.122,1643.176
1040.609,1640.522
914.8378,1644.189
2767.148,1643.37
3197.786,1645.598
1659.417,1644.333
709.0114,1648.216
2457,1652.442
2086.974,1650.237
1275.439,1650.061
2985.03,1649.851
1595.69,1653.775
2197.661,1653.821
2316.35,1656.931
2481.461,1651.385
2736.722,1654.019
2807.067,1653.6
2534.21,1652.684
2750.375,1655.425
2926.099,1659.919
2516.791,1658.279
3194.5,1656.286
1985.5,1657
1236.545,1660.561
2111.5,1660.714
2908.381,1661.714
1113.276,1662.621
818.3913,1662
826.2778,1662.222
940.85,1664.05
2177.125,1666.589
2069.722,1664.5
2608.941,1667.784
2892.818,1665.5
2104.376,1674.723
1482.963,1671.537
2818.208,1668.125
2312.865,1669.703
1556.471,1674.559
1918.889,1673.167
2073.344,1670.375
1500.09,1674
2654.815,1674.031
1252.175,1675.222
2742.082,1676.904
3191.844,1672.375
1169,1678.048
1307.64,1672.88
2853.2,1672
2059.973,1676.027
2424.188,1673.813
2872.214,1675
1802,1680.5
2306.328,1680.125
3162.294,1680.397
959.037,1681.056
1091.721,1679.674
2899.769,1678.231
1380.321,1683.623
1539.787,1683.148
1613.297,1685.495
1810.744,1683.767
1659.286,1682.5
1560.096,1690.23
1948.174,1684
2903.172,1688.207
2097.875,1693.65
2574.217,1691.533
1460.563,1691.063
2023.929,1695.161
3069.477,1694.159
1466.553,1695.868
1570.714,1697.163
1222.597,1699.236
2147.36,1698.58
1831.227,1696.682
1836.091,1698.227
3040.6,1698.455
826.1067,1701.173
1058.976,1700.06
1842.186,1700.233
816.119,1700.381
1590.406,1702.829
2914.98,1704.825
1890.198,1707.031
3129.451,1704.549
2903.063,1704.521
3139.86,1708.07
1946.222,1709.178
2157.692,1707.192
3063.24,1708.418
3184.088,1708.75
764.3571,1707.286
1224.846,1709.962
2166.203,1711.797
1423.808,1712.096
2595.306,1709.98
1095.278,1712.722
1380.138,1713.19
2802.859,1713.266
2020.419,1718.91
2154.083,1714.6
2334.704,1714.222
2510.658,1715.439
1934.271,1719.8
2846.5,1714.5
2971.146,1717.982
2640.977,1719.256
2904.441,1717.441
3212.095,1717.976
736.48,1721.533
1426.846,1719.75
2162.872,1720.149
2517.542,1718.833
2538.008,1721.331
2894.075,1721.775
1098.439,1721.122
2796.092,1727.174
1916.529,1724.677
1965.857,1724.929
2325.25,1726.857
1684.5,1726.75
1311.075,1731.415
2342.764,1729.514
894.5769,1730.385
1166.264,1732.67
1933.857,1731.036
2979.981,1730.962
2390.324,1733.054
970.4091,1736.909
2219.591,1734.714
1919.343,1741.115
2122.167,1743.392
1268.8,1738.027
1652.595,1737.892
2322.377,1738.396
1500.879,1737.424
2769.089,1738.289
997.7288,1740.305
1952.794,1741.265
1485.244,1748.146
1595.278,1742.907
2407.115,1743.033
3073.4,1741.3
808.8172,1750.021
1123.273,1743.091
1584.569,1748.138
2025.433,1752.489
3063.55,1752.067
3073.727,1749.682
1754.613,1751.968
2403.909,1750.818
3079.667,1752.458
1298.195,1757.389
1331.294,1755.603
1365,1754.778
2488.179,1754.923
3205.562,1758.082
1607,1758.105
2407.158,1756.947
1051.195,1758.659
2820.39,1759.763
3050.788,1759
1644.2,1759.5
1998.826,1762.13
2361.803,1763.071
2086.939,1765.408
2328.077,1763.269
3112.8,1764.267
2623.061,1771.151
3180.68,1768.62
1141.579,1768.526
1299.96,1766.44
2512.426,1770.234
1041.065,1767.806
1655.208,1767.417
1682.732,1770.893
2079.4,1773.66
2729.569,1770.207
1499.4,1769.04
2829.627,1772.559
1648.163,1772.791
2007.119,1771.857
2487.23,1777
2580.606,1775.41
1332.59,1776.607
2183.1,1775.375
2944.267,1776.8
957.9659,1779.443
1672.015,1781.773
1929,1775.583
984.4308,1778.969
1011.69,1777.5
1843.357,1779.607
818.9934,1785.197
2844.444,1778.778
1389.268,1784
3329.583,1784.703
1915.833,1781.5
3046.3,1787.529
3067.768,1787.607
1379.455,1785.182
2939.822,1788.889
3220.031,1788.75
3053.029,1787.857
1329.776,1792.711
1066.508,1794.462
1386.098,1791.98
2604.684,1791
975.075,1792.975
1484.849,1794.11
1058.778,1795.333
3330.65,1795.1
2330.067,1798.133
2242.097,1800.065
1618.81,1804.388
2511.854,1804.292
2693.647,1803.353
2926.258,1802.129
999.0054,1806.478
1110.021,1806.192
3177.35,1803.2
1148.895,1807.842
1714.5,1806
2675.058,1807.507
1431.635,1809.323
1761.25,1806.75
879.985,1812.045
2356.917,1812.743
2915.654,1809.981
1006.312,1814.701
1647.391,1811.261
1710.333,1811.25
1763.036,1812.321
1239.385,1814.538
1909,1816.432
1623.063,1816.656
3140.174,1819.681
1153.86,1820.02
1902.787,1819.894
1979.151,1819.792
3046.723,1822.084
1458.958,1820.146
761.5811,1825.243
1288.844,1824.906
1302.265,1823.224
1664.952,1823.444
875.2332,1827.583
955.7857,1825.405
1062.97,1826.478
1626.024,1824.488
969.0484,1828.484
1142.745,1827.489
1184.395,1826.907
1887.636,1825.727
1983.143,1828.25
3151,1827.231
1892.5,1829.481
2259.902,1828.131
3145.364,1830.091
1768.733,1829.3
1440.984,1832.286
1629.207,1831.276
1657.15,1830.95
2530.4,1830.2
2193.927,1833.268
2551.063,1840.854
2938.774,1837.495
3159.489,1834.467
1773.7,1832.5
758.9333,1834.467
2258.228,1836.895
1316.449,1835.653
1619.758,1837.909
2594.875,1837.179
1063.868,1838.057
1284.045,1838.821
2612.529,1838.853
1241.442,1838.14
1268.063,1840.603
1887.306,1839.258
3008.857,1840.878
1099.403,1840.584
1810.278,1841.259
1611.295,1843.682
2368.567,1843.55
878.6667,1841.933
2189.59,1843.59
3028.506,1845.609
2887.294,1844
3014.489,1845.489
1602.667,1844.182
1767.13,1845.826
1652.5,1847.55
1690.169,1849.369
2615.839,1848.264
1089.414,1849.966
1967.497,1857.09
1316.152,1852
2607.188,1851.688
2809.941,1850.265
1080.231,1850.692
1268.785,1853.523
3011.267,1852.133
1417.197,1857.789
1510.742,1856.907
2441.744,1856
2816.703,1854.432
813.322,1857.136
2974.678,1857.286
2396.433,1858.388
2549.428,1856.381
2609.107,1858.869
3163.354,1857.458
1154.909,1858.091
830.871,1860.274
1602.615,1857.538
2517.522,1858.565
1549.53,1861.833
1089.942,1863.395
3015.786,1863.6
896.3939,1864.091
1568.4,1863.64
2518.966,1864.172
905.4568,1867.839
2545.553,1866.036
1494.28,1867.5
2072.681,1870.574
2214.145,1867.726
1575.241,1868.897
1635.25,1868.333
1799.873,1873.859
1916.712,1870.831
1105.3,1874.133
1372.205,1880.927
1551.46,1879.54
2019.415,1877.321
3231.413,1879.524
1467.486,1880.432
3171.219,1882.555
1097.639,1881.667
1569.917,1879.917
1688.47,1881.667
2227.627,1882.896
2740.922,1883.375
2292.088,1883.706
2881.692,1886.78
1044.477,1887.534
1449.509,1885.982
1142.886,1887.228
3202.809,1887.044
1678.313,1888.385
1532.467,1887.133
3230.573,1893.021
1154.178,1890.044
1173.31,1889.414
1568.318,1889.818
1382.613,1891.161
3019.583,1889.25
1178.948,1896.125
1230.29,1893.242
3035.755,1894.83
1163.857,1892.667
1392.897,1893.448
1994.763,1895.079
2847.308,1897.385
1984.823,1896.118
2094.397,1896.904
2892.648,1896.962
935.4933,1897.707
1193.096,1897.442
3018.259,1896.224
2045.407,1898.926
842.3383,1904.103
3224.633,1900.4
1810.938,1904.323
1919.172,1902.931
1932.138,1903.477
1971.8,1901
663.2742,1905.387
1209.453,1905.297
1871.46,1904.81
2493.769,1906.969
1005.029,1906.725
1501.316,1908.053
1346.844,1906.125
3221.783,1906
778.75,1906
837.6945,1908
1451.649,1909.789
1625.567,1911.038
1979.605,1907.233
2051.424,1907.091
854,1909.069
3284.517,1911.155
2714.625,1907.75
2835.084,1911.151
2950.333,1914.19
2043.154,1910.077
1178.438,1916.406
2619.889,1915.714
1555.914,1915.771
2408.15,1919
1441.773,1917.227
3020.188,1918.563
3062,1918.946
763.2545,1920.782
1399.53,1920.458
3072.361,1918.556
3104.618,1919.763
1347.4,1919.2
2637.876,1925.629
3194.013,1923.128
1122.114,1922.714
1492.575,1923.632
2424.471,1925.353
3232.573,1923.232
2273.495,1928.608
2702.128,1926.138
1778.967,1925.3
2652.359,1925.718
2688.857,1928.177
1476.316,1926.763
2044.73,1926.054
756.9184,1925.306
1349.83,1926.766
1435.759,1927.093
2966.905,1926
2624.21,1928.579
1157.171,1931.229
866.8182,1928.455
2546.113,1931.302
2581.911,1934.468
2962.167,1930.417
3095.986,1931.764
852.4,1930.3
1197.375,1939.676
1490.32,1934.17
1660.985,1931.754
2040.015,1932.661
1448.274,1934.452
2368.829,1934.395
883.1071,1935
2060.727,1934.854
2930.733,1935.827
2050.302,1935.189
1388.434,1937.25
1438.345,1935.414
2394.796,1938.388
3038.855,1937.816
3305.481,1938.741
843.9688,1944.292
2534.982,1940.236
2255.469,1940.061
1011.493,1942.141
1477.047,1938.674
2598.922,1942.203
1794.286,1944.746
1823.226,1945.095
1048.449,1948.329
1438.9,1942.88
1490.539,1947.617
652.6667,1944.583
935.5671,1945.672
2051.083,1942.833
3307.657,1945.686
1815.65,1945.25
2249,1946
1812.297,1950.149
1576.857,1955.31
3167.205,1949.718
2720.271,1954.615
2222.841,1955.127
2773.794,1954.548
2790.837,1952.023
1475.413,1951.957
781.5854,1955.268
2814.361,1955.514
936.0695,1960.222
1833.107,1958.696
1365.837,1959.967
1569,1958.833
1528.617,1962.851
2405.086,1963.843
727.7544,1963.737
1581.158,1964.035
2689.265,1965.143
2816.461,1963.385
3158.568,1964.243
1795.882,1966
797.8549,1970.468
3209.021,1972.542
1653.363,1973.846
1791.226,1970.677
2581.966,1972.948
687.4754,1973.885
973.5,1970.571
2823.269,1972.308
3145.406,1973.324
3159.781,1974.488
1605.429,1974.214
1861.957,1976.638
1131.026,1976.447
1405.768,1978.926
1052.645,1983.163
1603.909,1979
927.5342,1981.932
1725.352,1982.037
3186.721,1981.907
1858.415,1983.976
1597.925,1986.679
1118.622,1984.568
1538.032,1985.145
1711.604,1986.792
788,1985.5
1560.788,1989.606
2201.488,1989.302
2411.656,1989.375
2638.231,1993.179
1700,1991.214
2408.75,1994.45
2967.337,1996.488
784.75,1996.932
1565.692,1995.462
1303.519,2001.684
3004.11,2000.159
1848.883,2006.833
2004.157,2000.314
1412.702,2000.766
3174.578,1999.911
781.4643,2006.143
1823.136,1999.864
3162.75,2004.104
681.1111,2005.944
1599.566,2004.113
2039.941,2003.588
1906.171,2007.927
2911.712,2006.273
3225.775,2005.327
1704.364,2003.909
1438.439,2008.404
1697.818,2007.273
2941.194,2010.016
2901.483,2008.567
880.3333,2009.69
1823.489,2011.947
2783.395,2010.613
1167.654,2009.692
1977.538,2010.673
668.7727,2013.886
969.7349,2014.59
1861.235,2012.882
2467.923,2011.923
1161.947,2013.579
1619.268,2015.293
1684.239,2019.746
1997.205,2014.159
1756.475,2017.934
1836.64,2017.5
2391.611,2017.611
3005.135,2015.189
801.7161,2019.173
1844.71,2019.565
1934.135,2023.514
1033.625,2018.688
2602.748,2022.184
1178.74,2022.34
2365.9,2020.3
2799.928,2020.786
2875.746,2021.169
983.7759,2023.397
1039.778,2022.5
1471.115,2025.836
1775.4,2026.38
1634.087,2023.957
2398.209,2026.93
2685.697,2026.909
2379.513,2027.718
3284.364,2027.409
688.4595,2029.135
994.2692,2032.577
1250.197,2031.549
2973.245,2028.633
1058.798,2033.369
1367.646,2031.138
2579.628,2032
966.8182,2033.545
1614.545,2034.636
3185.671,2039.671
899.8657,2037.836
1430.81,2037.095
754.9219,2041.625
1575.417,2037.25
2018.053,2038.211
690.48,2040.52
957.6364,2039.455
997.8333,2040.278
3047.918,2043.066
2100.842,2044.963
1605.235,2043.559
2242.286,2046.397
2392.556,2045.352
1597.636,2043.909
2760.396,2048.042
1175.272,2050.444
1860.421,2048.053
2327,2050.727
1426.109,2051.859
1737.093,2052.56
2973.318,2051.636
2669.836,2057.545
2594.7,2053.8
2134.141,2057.766
1936.872,2058.57
2371.769,2056.615
1852.148,2064.5
1905.664,2060.138
1031.773,2060.455
1463.932,2061.055
2732.169,2068.403
1585.295,2063.782
2254.842,2061.088
1696.027,2063.709
1420.658,2062.579
2684.449,2064.837
2409.865,2063.973
3032.167,2067.383
1513,2064.292
2317.328,2066.234
3210.548,2066.258
778.0883,2066.588
1103.829,2068.244
2836.808,2067.711
2858.636,2068.727
1829.211,2068.053
2339.5,2067
2383.213,2069.958
2854.188,2072.259
3311.111,2070.355
2985.931,2070.914
1542.088,2072.922
847.1064,2073.085
2102.185,2072.815
3012,2070.5
1679.974,2073.846
1105.375,2077.219
1168.261,2079.623
1240.55,2075.8
1024.338,2081.377
2324.578,2082.456
656.12,2078.88
3090.225,2079.15
1926.311,2081.4
2627.486,2081.157
2617.3,2078.8
2787.906,2082.943
1482.904,2088.904
2098.293,2084.88
2819,2082.528
1958.566,2085.861
2298.474,2085.821
2541.694,2092.802
2611.922,2086.203
2796.378,2085.711
760.1579,2087.382
2477,2088
707.7895,2090.947
1582.57,2093.949
1805.417,2088.917
767.9474,2092.386
1012.836,2092.473
1076.926,2091.453
1405,2093.241
1899.948,2093.69
1795.667,2094.533
2564.842,2091.553
2554.778,2096.526
2629.723,2097.149
3037.474,2096.193
2870.86,2097.947
740.3333,2096.951
1456.595,2098.544
2134.776,2099.165
1196.833,2098.5
1324.667,2102.138
1654.809,2103.545
2434.089,2103.344
2601.727,2100.545
1519.685,2104.981
2642.053,2104.402
2452.714,2107.893
2935.219,2106.137
3283.333,2104.333
743.9362,2105.702
2419.2,2107.667
703.1852,2108.284
2677.725,2108.225
1512.8,2106.5
1530.954,2110.185
2392.136,2108.045
3248.686,2110.029
2129.461,2112.246
2632.163,2111.469
2880.931,2109.793
3111.522,2111.565
2842.784,2115.667
1896.31,2115.19
2048.947,2116.566
2890.676,2114.162
692.7358,2115.679
1656.516,2118.406
2972.233,2121
866.8182,2121
658.5686,2123.235
2755.5,2122.5
2416.177,2123.863
2874.727,2125.618
2965.574,2127.315
2980.545,2126.364
3197.741,2125.593
1228.59,2129.308
2987.064,2129.617
1395.458,2129.458
2662.726,2134.79
2802.583,2131.417
2814.623,2137
1409.703,2132.946
2939.091,2133.727
1487.844,2135.469
3153.447,2137.872
1320.591,2139.712
3244.688,2142.297
2450.04,2140.16
2866.364,2138.636
1203.58,2143.87
3334.795,2145.603
845.918,2144.557
3097.184,2142.633
2618.392,2147.041
2265.392,2146.686
1328.321,2149.716
1838.955,2149.364
2870.6,2147.6
2911.406,2150.219
2976.294,2152.431
2253.291,2150.273
2756.552,2151.97
2881.206,2150.762
1092.958,2154.208
1347.219,2154.817
1480.702,2153.088
3220.367,2152.117
1473.042,2157.282
3303.403,2157.681
1757.472,2157.542
2118.185,2157.431
3088.238,2157.238
969.2,2158
1333.352,2159.056
1255.579,2157.947
1320.82,2163.101
1442.792,2161.566
2925.224,2163.463
1251.2,2162.15
1275.839,2162.484
967.353,2162.882
1283.915,2163.532
2865.698,2165.672
2529.438,2163.188
2028.925,2167.373
3245.902,2169.863
1260.343,2170.129
2634.125,2168.125
2620.572,2168.048
1105,2174.568
2284.79,2173.737
954.6837,2176.031
1280.404,2176.058
2883.8,2171.9
2980.05,2174.35
1993.182,2176.382
2357.565,2174.217
1446.132,2176.642
2669.854,2178.091
1685.148,2179.259
1330.269,2181.423
2882.818,2180.937
1284.708,2182.083
2373.229,2190
3023.059,2181.235
2998.947,2184.411
1884.565,2188.667
766.8438,2188.313
1281.364,2186.939
2134.314,2187.2
2388.928,2187.271
3266.603,2187.485
1335.903,2187.742
2753.368,2188.579
2327.286,2187.714
2303.383,2193.309
2360.021,2195.777
2901.333,2191.75
2991.147,2194.933
786.1429,2192.905
1206.979,2196.149
1829.125,2195.125
968.0781,2198.969
1223.469,2195.844
1564.25,2199.55
3309.268,2198.822
1729.688,2200.406
1824.148,2199.963
2374.621,2200.672
2391.259,2200.604
1397.849,2201.466
1740.321,2203.095
1005.062,2205.677
2997.083,2203.68
3320.25,2201.864
3046.881,2206.952
2005.986,2207.809
2351.143,2206.082
1768.114,2210.771
2398.813,2214.297
1745.894,2216.915
701.4426,2217.246
3213.889,2216.167
767.5778,2217.956
3147.131,2217.541
2539.306,2217.639
954.0388,2225.547
2613.933,2217.267
749.2963,2218.778
927.5,2218
1761.44,2224.816
2621.877,2223.772
2722.121,2222.31
2781.419,2221.968
1797.903,2222.473
2371.045,2225.091
2701.207,2226.641
2896.961,2221.327
2952.837,2226.306
1752.5,2223.143
2239.714,2225.911
917.1,2225.9
1554.589,2227.161
1299.409,2233.328
3183.516,2230.492
1585.418,2231.291
1658.071,2232.153
1778.61,2227.317
2389.123,2228.077
2667.925,2227.755
1496.711,2232.026
2297.574,2232.63
2534.16,2235.12
3198.167,2231.267
1434.296,2234.519
1724.906,2236.797
2634.62,2238.12
3324.143,2238.057
3174.967,2241.262
2955.78,2240.78
2323.55,2245.017
973.4445,2247.639
2611.185,2245.6
3017.867,2241.867
3320.151,2244.792
1430.25,2245.542
788.5424,2247.695
3183.5,2250.439
722.1166,2250.517
2926.75,2249.25
1454.156,2253.094
2806.756,2250.733
774.7869,2252.492
3089.134,2254.97
1027.512,2258.131
2207.649,2253.86
2936.263,2253.237
1417.943,2256.245
1688.74,2254.56
2087.2,2254.075
1549.25,2255.404
1194.618,2259
2058.246,2257.895
2404.645,2262.419
2702.236,2260.182
1541.796,2260.347
1720.227,2257.227
3021.321,2260.774
3263.36,2262.533
1875.624,2260.812
1560.521,2262.542
973.2857,2262.5
1286.041,2263.959
1461.424,2267.48
1895.931,2265.654
982,2264.958
1709.244,2268.044
2434.712,2266.203
3096.581,2267.703
1161.75,2267.438
2376.786,2271.167
2195.028,2270.917
1262.679,2272.585
1682.155,2274.495
2395.189,2274.66
992.5389,2279.808
2734.403,2276.169
3318.846,2275.461
2994.351,2277.459
2371.14,2278.279
2719.828,2277.552
2208.428,2278.057
3154.439,2280.97
1410.36,2282.28
2067.521,2282.813
3195.219,2282.594
930.0792,2285.515
2511.705,2289
686.8461,2283.808
3282.125,2287.553
2300.551,2288.945
1591.098,2289.525
1154.451,2291.216
1726.588,2291.191
1255.813,2294.12
2680.524,2293.143
3198.389,2292.333
965.2833,2294.817
1134.952,2294.381
1323.743,2295.829
1600.127,2299.366
2081.939,2293.909
2340.539,2295.539
2919.387,2297.303
2221.072,2299.083
2228.818,2295.045
2639.083,2295.583
2832.646,2299.625
1513.64,2299.907
3120.053,2302.4
2688.146,2302.561
1708.397,2300.677
2736.408,2299.225
978.5333,2300.533
1142.148,2302.185
1176.917,2304.111
3203.94,2303.711
1360.286,2304.333
1542.182,2301.636
3168.8,2303.2
2650.583,2310.917
3011.718,2306.436
794.5476,2307.619
985.2083,2307.75
762.2617,2313.514
815.6316,2312.21
698.8412,2317.032
1376.968,2315.857
2727.132,2314.342
1458.367,2314.433
2339.342,2315.921
2604.357,2314.357
792.6905,2316.726
914.5352,2316.31
2738.535,2319.039
2712.102,2319.102
1179.455,2317.636
1371.373,2325.597
2104.677,2324.147
2333.735,2323.177
1004.655,2324.069
2196.769,2324.154
1197,2326.268
2822.111,2330.383
2608.903,2330.274
1461.182,2330.649
1769.9,2328.467
2249.632,2335.349
2741.537,2329.317
3017.4,2328.9
1777.422,2332.022
2239.54,2333.72
2563.972,2332.611
2796.23,2338.357
2956.081,2336.766
2967.786,2334.443
1286.512,2335.39
1809.853,2335.735
2160.243,2335.662
1363.804,2337.25
1965.136,2334.833
2983.162,2335.973
1265.622,2336.911
2335.182,2336.773
716.2763,2338.118
1842.533,2337.2
3182.63,2341.533
969.0938,2341.313
1857.551,2345.577
2975.684,2349.137
1968.426,2343.5
2697.333,2345.519
2963.814,2344.047
1563.211,2344.053
1815.75,2344.5
2211.468,2343.987
2366.333,2345.208
2439.271,2345.986
2926.518,2357.132
1257.31,2350.036
2372.173,2349
2748.275,2351.275
996.5897,2352.026
3193.981,2351.759
2184.962,2357.338
1940.224,2355.449
3123.933,2354.767
1368.515,2355.985
1699.58,2357.913
1911.313,2361.766
2644.649,2358.912
2324.448,2359.284
1273.488,2359.902
2913.362,2361.638
3135.172,2363.205
2170.194,2362.224
733.7368,2361.947
1112.14,2362.279
1933.309,2363.182
727.6326,2365.061
1986.472,2362.849
2735.745,2365.327
3210.276,2365.96
1277.184,2365.632
3147.926,2363.63
3191.123,2367.108
983.371,2367.21
1740,2369.962
1939.727,2366.273
2943.2,2368.284
1378.16,2371.14
2888.875,2368.063
912.0944,2369.66
972.7344,2369.797
2425.311,2372.324
3163.396,2371.972
3181.857,2370.686
1534.644,2372.645
1976.8,2371.317
2391.95,2368.25
3100.912,2371.971
1668.77,2375.241
2395.583,2372.972
1641.516,2375.517
1771.842,2376.971
2404.722,2373
2569.537,2377.104
2653.4,2375.35
3077.636,2374.964
2234.643,2375
3065.054,2376.73
1174.857,2378.114
1371.514,2379.459
1798.528,2381.67
1869.506,2382.623
2372.439,2386.5
2887.711,2382.378
1244.122,2381.592
1386.514,2381.914
2521.568,2381.614
938.7143,2386.572
2496.866,2386.104
2766.667,2386.083
2238.224,2386.492
2945.182,2383.818
3059.196,2386.402
1176.967,2386.517
1839.323,2387.446
2505.667,2386.476
2938,2388.381
3080.5,2386
2303.063,2389.547
3113.232,2390.107
2508.826,2390.652
2916.585,2394.113
927.8333,2390.083
1375.552,2391.896
2545.417,2395.615
2579.246,2392.562
3181.5,2392
976.3333,2394
1711.593,2399.085
3086.036,2394.393
927.3333,2394.2
2666.708,2395.917
2895.846,2396.385
932.1334,2397.067
1171.829,2398.086
1985.172,2399.672
1365.049,2398.61
3061,2398.25
2698.593,2398.667
2138.294,2399.647
2568.354,2404.604
2910.143,2400.214
1609.544,2403.544
1804.952,2401.714
996.1129,2405.726
2750.97,2404.379
2919.811,2406.832
3197.844,2404.313
721.1912,2409.096
1328.959,2409.189
1989.164,2408.377
1948.229,2408.688
2170.731,2410
2519.324,2410.743
3129.724,2410.069
3202.433,2411.433
2979.245,2412.057
3077.341,2412.698
953.0789,2410.132
2322.37,2411.259
927.1842,2414.96
909.83,2415.163
2148.304,2411.304
2163.889,2411.111
3043.613,2412.5
1240.595,2413.524
968.2692,2412.885
1889.957,2417.5
1996.063,2417.333
2156.375,2415.766
2384.702,2416.383
2897.513,2417.068
762.4737,2418.421
1024.769,2414.539
962.1334,2415.333
1030.901,2418.408
1578.667,2415.533
1952.682,2416.795
2818.596,2421.788
1223.636,2416.909
747.6988,2424.096
1231.553,2421.021
3133.786,2419.214
3143.125,2422.769
1018.064,2423.149
1882.577,2423.385
1222.636,2420.909
1319.106,2426.03
3095.104,2425.604
2758.451,2427.314
3066.87,2423.913
1045.85,2428.318
1785.694,2425.163
2685.573,2430.507
3083.915,2427.638
3117.599,2431.313
1670.237,2426.356
1918.309,2427.255
3238.551,2426.796
1379.368,2427.474
1167.95,2428.925
1198,2429.676
2940.476,2429.968
3058.841,2429.545
850.5185,2429.296
1827.394,2430.303
2405.524,2433.428
2953.897,2436.062
3225.368,2432.397
3104.333,2434.111
1395.37,2435.913
1793.633,2435.347
2722,2435.5
2913.203,2437.281
3183.727,2434.182
1326.88,2442.506
2444.7,2434.6
2729.027,2439.83
2783.267,2434.8
3148.672,2439.627
1818.8,2439.444
2750.547,2439.413
3179.461,2438.667
2515.833,2440.742
3273.978,2442.761
2385.36,2442.8
2996.966,2442.379
1246.313,2444.453
2259.531,2444.828
3200.833,2443.467
958.4583,2443.083
2741.854,2445.836
3081.228,2445.281
1000.731,2447.851
1583.74,2444.72
3135.481,2446.915
3157.583,2447.167
2060.49,2447.082
3120.816,2447.079
888.4844,2451.203
1592.314,2449.514
2852.55,2447.4
830.4792,2455.333
2078.532,2449.574
1207.257,2449.171
2511.583,2451.688
2989.253,2454.639
2887.523,2456
733.64,2453.78
1470.868,2452.842
2534.487,2455.29
2356.143,2453.333
2947.558,2456.372
1161.136,2456.705
1237.9,2454.7
1293.087,2462.4
1187.976,2461.759
1211.364,2456.227
1216.623,2460.472
1517.414,2461.613
1865.434,2461.292
3009.081,2458.742
1126.828,2462.531
1209.308,2460.385
1238.25,2461.2
2651.069,2463.293
1528,2464.627
1941.257,2465.914
1599.113,2466.057
1484.095,2465.168
1890.957,2465.522
2769,2466.69
3004.128,2466.085
1210.222,2467.389
1393.5,2469
1905.867,2467.533
2349.972,2476.07
1913.188,2470.688
2592.941,2472.765
1088.205,2473.886
3230.41,2476.869
1926.154,2475.308
2059,2481.061
2378.385,2477
2193.865,2481.878
952.4363,2481
1951.271,2482.688
1973.169,2480.769
1252.156,2482.688
1463.159,2481.636
964.6292,2485.045
2744.818,2481.727
3091.264,2488.29
1152.833,2485.136
1623.411,2485.511
1845.51,2484.163
2458.743,2488.39
2667.781,2486.878
984.8979,2489.612
957.3125,2490.729
2069.153,2492.032
2382.981,2490.302
1721.397,2495.534
2332.769,2492.904
2860.836,2496.981
968.98,2495.6
1323.667,2497.244
1633.585,2500.679
3170.9,2500.267
2166.83,2501.434
1313.667,2504.111
1442.297,2503.844
2137.216,2502.667
1457.519,2504
2095.566,2505.566
2900.389,2503.481
1925.179,2506.893
766.2885,2506.711
2424.714,2504.5
1114.73,2507.351
3078.81,2506.905
1279.111,2509.986
2566.543,2510.152
2851.56,2510.789
2141.714,2509.714
3125.319,2509.426
857.8571,2511.19
3150.582,2512.964
2269.39,2515.82
759.1373,2513.627
2434.61,2513.61
1975.769,2513.615
3177.647,2517.863
2571.385,2514.385
2417.2,2516.125
2721.446,2519.313
2176.051,2520.695
1487.989,2523.565
2515.346,2521.5
1379.94,2524.075
2451.519,2525.154
859.9841,2526.286
1318.923,2524.154
2673.792,2530.069
1150.462,2531.904
2141.6,2529.65
2133.976,2534.643
2159.952,2535.226
1936.656,2535.844
2440.039,2535.059
3177.861,2533.528
2813.909,2535.455
955.4839,2537.806
1182.965,2538.14
1428.919,2540.845
2993.887,2536.736
3162.018,2538.6
2968.8,2537.9
2682.313,2541.313
2978.438,2538.75
1053.465,2545.493
961.5,2543.842
3040.536,2550.357
912.2982,2546.754
1063.136,2546.182
1190.342,2548.794
3019.647,2547.735
2378.882,2548.235
2456.633,2550.775
3216.652,2549.798
2693.464,2551.75
1721.746,2551.169
2384.615,2550.385
2145.577,2552.558
2376.75,2555.517
2671.089,2554.375
2560.867,2552.533
3171.761,2555.109
2969.188,2556.507
3015.467,2555.6
1027,2558.034
1479.863,2558.059
2610.521,2557.458
3190.559,2557.559
1041.87,2559.87
1525.786,2558.143
2430.925,2559.3
2370.8,2562.06
2705.094,2562.757
886.1846,2562.123
1900.656,2561.875
1293.6,2565.723
1584.452,2564.167
2487.919,2563.649
2524,2563.091
2102.903,2563.387
2401.322,2564.822
1985.361,2566.082
1903.9,2564.6
2144.841,2568.011
2944.474,2567.026
2998.171,2565.714
940.4483,2568.172
1107.73,2568.811
2389.136,2568.409
959.5,2568.944
1062.186,2571.174
1905.756,2573.614
2106.34,2571.928
2123.688,2571.167
2511.344,2570.787
2006.769,2572.846
2522.804,2572.784
2055.265,2572.353
1232.699,2581.353
1307.451,2575.417
1782.222,2577.222
2632.121,2574.97
878.8387,2575.774
2949.2,2573.9
1321.095,2577.214
2838.919,2580.707
2986.697,2578.572
1212.077,2576.769
2135.886,2583.581
1267.918,2580.959
2000.294,2577.706
2514.3,2579.25
833.0968,2581.677
2011.946,2580.911
2641.351,2581.378
2769.667,2582.51
1067.776,2584.132
1088.9,2581.475
871.4,2582.2
1294.45,2581.5
2519.654,2582.231
2760.652,2584.37
2958.823,2583.706
1993.625,2583.313
2078.741,2585.074
2091.178,2584.089
2529.513,2584.324
2572.806,2584
1770.232,2585.803
2375.349,2585.884
967.2264,2587.755
1298.192,2585.308
2007.063,2585.5
1034.8,2587.7
2288.276,2592.092
2411.22,2589.86
1226.172,2589.517
1354.921,2589.816
1529.309,2591.79
2513.771,2592.443
3099.543,2594.913
2211.4,2592.45
1208.5,2591.5
1558.257,2593.371
812.9726,2595.575
2501.706,2597.059
2585.214,2596.3
1202.63,2595.333
1345.485,2594.242
2178.717,2598.478
2493.026,2599.831
2564.021,2600.809
3198.74,2600.781
1797.088,2601.614
1574.321,2601.698
954.4576,2603.254
1526.919,2602.403
2076.283,2602.413
2112.19,2603.19
2657.407,2604.944
2205.679,2604.642
2715.408,2602.531
2556.852,2605.259
1448.625,2609.3
2536.863,2610.582
1554.732,2608.322
1788.75,2605.8
1157.25,2611.536
884.3636,2609.773
1522.931,2612.776
1539.1,2608.7
2916.626,2614.341
1545.048,2610.19
2002.734,2613.096
2461.125,2612.518
2604.9,2614.5
2554.73,2616.315
2661.44,2614.68
2850.162,2617.059
881.2368,2616.987
1561.733,2617.367
2475.377,2618.826
1844.939,2619.288
2599.5,2617.923
2633.583,2623.357
1549,2622.28
1180.762,2621.476
1454.385,2627.123
2683.564,2620.923
2839.158,2620.526
930.0961,2623.539
2534.6,2621.267
955.1765,2622.177
1755.188,2622.188
2641.706,2622.412
1599.603,2625.905
2847.125,2627.807
1006,2626.618
2794.667,2628.222
2829.066,2633.082
2517.53,2631.566
1537.72,2632.427
2263.55,2633.989
2546.756,2630.654
2442.553,2631.714
3031.958,2631.521
2530.428,2630.572
3049.438,2634.281
2182.636,2633.864
2196.25,2634.281
2821.1,2633.2
1354.714,2634.5
1370.829,2637.96
2800.759,2637.379
1099,2637.129
1604.039,2640.235
987.114,2638.279
1196.371,2639.839
1349.324,2640.054
2455.022,2640.945
1543.593,2637.889
3109.462,2646.012
1291.823,2645.103
1111.024,2644.667
1801.615,2647.092
3120.303,2646.337
2135.203,2652.126
3072.072,2645.143
2805.522,2645.913
2919.16,2652.012
1119.946,2652.348
2540.6,2651.183
2834.75,2652.75
886.5095,2652.925
1265.357,2653.971
2887.135,2653.177
1376.818,2653.545
1380.619,2659.603
2268.178,2659.067
2843.11,2660.69
2934.953,2658.221
930.2182,2657.527
1324.485,2657.691
1782.089,2661.044
1829.375,2660.813
2748.34,2658.755
2822.581,2660.535
1257.851,2662.787
2995.46,2666.889
1539.273,2666.636
958.063,2676.324
1224.827,2673.827
1809.424,2673.247
1907.331,2675.986
2820.42,2674.06
1040.161,2680.011
2101.682,2675.727
1031.044,2677.778
1969.438,2676.625
2733.026,2679.026
2464.163,2683.022
1363.64,2684.018
2634.465,2684.07
1895.932,2683.841
1112.155,2688.412
1232.898,2685.237
1586.04,2688.04
2834.337,2692.853
3114.984,2690.81
2179.444,2690.639
2757.1,2689.4
1797.235,2692.686
1482.769,2695.231
2184.605,2697.447
2324.941,2694.922
2753.681,2697.064
1032.889,2696.528
2913.516,2699.721
2338.185,2697.852
1604.356,2701.763
1484.755,2702.163
2738.783,2701.598
1082.823,2702.823
2829.803,2705.286
2981.642,2704.358
2685.615,2703.615
2513.838,2710.432
2287.941,2708.059
2821.581,2707.186
1669.277,2710.362
2723.62,2709.64
1836.353,2709.118
1611.135,2712.75
2200.092,2712.868
2546.539,2712.015
2678.431,2711.549
2881.827,2717.963
1609.968,2724.981
3077.317,2717.683
1886.059,2716.677
2535.9,2718.375
2896.967,2720.833
1078.63,2719.348
2778.762,2722.286
1253.3,2722.15
2638.367,2724.037
3102.796,2723.979
2308.068,2722.682
1280.75,2727.531
2462.623,2727.014
2821.304,2727.58
2230.684,2727.421
2986,2727.647
2132.867,2731.3
2453.236,2736.042
3096.978,2735
2257.774,2738.629
2689.857,2736.952
2829,2739.615
2977.854,2740.273
2216.047,2745.116
1238.233,2746.933
2327.872,2747.319
2272.558,2748.326
2139.95,2747
2698.232,2749.256
1603.417,2749.167
2343.479,2753.648
2655.649,2755.649
2997.514,2753.057
1607.024,2756.286
2271.702,2760.678
1939.06,2761.2
1569.588,2756.588
2589.351,2757.865
1217.489,2760.936
1813.575,2765.438
2642.047,2762.093
2671.553,2760.71
2725.193,2761.807
3009.796,2765.367
2163.099,2765.676
2607.481,2764.654
2283.622,2764.027
1038.219,2776.657
1558.535,2768.721
1756.236,2770.418
1892.755,2769.981
2675.212,2768.667
2713.806,2771.478
1084.069,2773.655
2524.721,2776.62
1234.069,2777.483
1274.302,2777.679
2506.473,2779.297
1254.019,2781.566
2415.459,2780.984
2649.736,2778.945
1125.652,2779.261
2535.569,2780.833
2666,2783.083
1359.26,2780.22
1799.738,2781.524
1011.388,2787.762
1527.288,2785.423
1001.191,2786.427
1203.733,2786.467
1705.648,2786.259
2817.288,2786.915
3060.211,2787.154
1032.432,2787.909
2280.313,2792.229
1681.667,2790.852
2057.675,2790.25
1320.879,2792.712
1208.692,2791.539
1910.816,2792.553
3040.5,2795.152
2723.544,2797.404
1282.4,2797.6
1706.177,2798.961
1059.054,2797.73
1667.196,2798.902
1770.154,2801.487
1640.571,2805.143
1854.482,2806.928
2540.771,2806.213
2501.839,2808.436
2397.588,2811.017
1296.758,2810.455
1491.581,2813.147
2021.056,2811.653
1063.447,2812.128
2202.07,2816.86
980.0625,2810.813
2259.036,2814.572
2329.208,2813.547
2991.6,2811.3
1711.226,2816.403
1556.266,2817.899
2574.961,2819.255
934.4474,2818.737
2316.957,2824.043
1052.386,2822.965
1138.627,2821.813
2559.923,2821.692
1068.211,2823.71
1375.45,2823.275
1186.4,2823.067
1699.422,2824.028
2028.705,2826.295
2111.724,2825.138
1334.871,2827.064
2142.846,2823.692
2188.417,2826.278
1129.246,2828.446
1617.343,2828.9
1795.574,2830.074
2173.097,2827.71
1202.609,2827.087
2059.682,2827.818
962.7778,2829.833
1960.312,2832.763
2104.622,2830.667
973.0667,2831.667
1709.482,2831.607
1376.032,2832.903
1936.074,2836.116
2158.073,2834.449
1036.372,2834.791
1139.722,2834
1322.688,2833.188
1311.886,2836
2432.657,2839.931
977.4559,2844.088
1817.972,2837.792
2468,2835.2
1569.135,2839.654
2511.766,2840.404
1032.185,2840.444
2023.925,2842.687
2273.99,2841.232
1110.081,2843.23
2372.389,2841.25
2697.66,2846.132
2632.898,2845.305
1087.396,2845.358
1148.25,2844.5
1170.855,2848.478
1812.982,2845.75
1364.444,2848.737
2848.407,2847.542
3014.147,2845.912
1138.474,2847.368
2725.611,2848.426
2259.848,2849.97
2933.09,2856.09
1079.476,2854.143
1342.059,2852.588
2066.913,2856.145
2504.5,2859.327
2838.887,2857.396
983.6539,2857.192
1573.419,2861.829
2209.2,2858.5
2259.419,2860.097
2338.29,2864.29
2619.892,2863.761
2086.81,2864.048
1003.677,2869.578
1120.51,2870.837
1472.814,2870.299
1940.583,2864.333
2023.269,2866.179
2131.2,2873.969
2682.284,2871.461
1341.694,2869.51
1849.023,2871.104
2374.759,2870.111
2016.048,2873.661
2084.711,2873.2
2342.471,2872.235
2058.818,2872.818
1399.385,2876.923
2554.077,2874.231
2074.478,2878.826
1483.214,2883.186
1839.231,2884.374
1976.552,2884.276
1985.568,2880.513
1426.895,2883.404
1193.725,2884.163
2174.043,2883.043
1011.091,2882.364
2191.79,2885.6
1377.373,2885.983
1827.353,2885.529
2181.491,2888.21
1008.3,2885.7
2078.632,2887.895
1347.272,2898.075
1105.702,2894.723
1395.831,2891.051
1769.842,2894.496
2166.539,2892.846
2592.172,2893.703
2057.228,2895.899
1748.744,2898.077
2112,2896.5
1993.579,2901
2108.594,2901.781
2536.804,2906.67
2057.278,2911.54
2202.111,2908.838
1277.115,2909.256
2328.239,2908.696
1859.643,2909.357
2917.5,2910.322
2005.636,2910.636
1269.647,2917.226
2188.2,2915.5
2740.047,2919.271
1071.5,2915.4
1076.909,2916.409
1999.325,2920.922
2455.154,2918.333
1611.053,2920.547
2219.898,2922.714
1521.5,2923.652
1961.07,2926.209
2297.962,2930.075
1132.936,2931.84
2185.2,2927
2772.962,2930.925
1989.909,2930.273
2201.239,2934
2505.92,2938.568
2162.6,2936.218
2823.453,2933.566
2769.019,2937.963
2796.122,2942.972
1526.802,2939.704
1579.129,2938.806
2362.022,2938.652
1136.132,2944.736
1277.421,2941.824
1964.171,2940.686
2821.091,2940.182
2013.771,2943.213
2165.333,2942.444
2497.323,2944.968
2525.471,2948.664
2166.553,2947.605
1556.714,2949.714
1258.887,2952.048
1101.02,2951.12
2285.609,2950.957
1169.532,2953.403
1387.435,2957.481
2465.556,2955.389
2824.639,2952.167
2493,2957.787
1849.235,2955.941
1842.592,2958.857
2414.422,2957.089
1089.059,2963.431
1262.233,2963.116
1171.571,2964.607
1903.289,2969.689
1271.455,2965.854
2232.794,2966.382
1457.149,2970.463
1859.935,2970.564
2777.903,2970.113
2053.615,2971.442
2355.533,2974.44
2872.133,2972.833
2589.25,2975.556
1119.42,2977.667
1424.695,2976.187
1235.317,2976.439
1913.846,2976.231
2686.559,2979.029
2819.545,2983.561
1229,2978.5
2630.539,2981.59
1358.828,2982.069
2069.865,2981.649
2359.244,2982.511
2093.72,2983.62
2062.222,2984.778
1749.537,2988.122
2075.98,2986.62
1240.804,2986.652
2552.5,2987.5
1604.022,2988.152
2143.448,2991.042
2859.357,2988.572
2716.443,2990.459
2026.523,2995.784
2755.353,2992.323
1591.449,2994.041
1894.186,2998.203
2047.728,2997.287
2075.636,2991.909
1359.444,2994.833
2531.942,2997.211
2858.49,2999.918
2413.258,3001.581
1939.489,3000.511
2009.164,3001.443
2264.095,3003.333
2513.7,3005.7
2564.281,3010.781
2015.429,3009.612
2453.421,3009.737
1352.313,3012.146
1691.432,3014
1836.479,3015.708
1908.975,3015.825
1245.688,3018.375
2134.83,3019.574
1826.281,3024.649
1323.179,3023.026
2414.049,3024.557
1894.762,3024.714
1917.733,3025.355
2875.773,3024.409
1424.947,3027.368
1576.671,3031.54
1984.905,3028.524
1702.349,3031.937
2389.937,3030.381
2038.731,3032.346
1886.516,3035.25
2158.758,3041.316
2057.073,3037.854
1192.123,3038.526
2204.189,3044.621
1694.25,3038.732
1332.429,3042.377
1882.574,3043.796
2039.139,3042.986
1938.875,3047.275
2053.467,3051.228
2438.846,3047.487
1160.839,3050.613
1644.566,3053.21
1653.214,3051.833
1357.405,3052.762
2038.3,3051.4
2599.654,3055.577
1636,3059.351
1658.571,3055.214
1302.149,3059
1372.208,3060.188
2057.875,3060.604
2132.356,3064.724
2497.795,3064.897
2773.85,3064.725
2539.457,3066.457
1917.833,3070.354
2803.353,3071.726
2102.581,3069.258
2541.553,3075.777
1311.158,3074.579
2503.161,3076.258
2381.295,3078.273
2150.823,3084.863
1348.529,3083.608
2072.348,3089.737
2106.882,3085.059
2571.113,3090.423
1613.721,3090.853
1812.246,3092.174
2144.24,3089.88
2272.572,3091.984
1321.908,3093.461
1643.5,3091.4
1656.039,3097.843
2442.915,3097.851
1969.35,3097.975
2063.1,3100.175
2147.448,3100.379
1752.063,3103.438
2301.037,3106.37
1745.353,3108.627
2052.986,3110.391
1638.537,3112.195
1504.368,3123.5
1642.177,3119.118
2604.547,3122.531
1363.643,3128.357
1882.137,3127.074
1635.917,3126.333
1977.06,3126.373
2671.417,3126.292
2225.68,3128.773
1321.065,3129.065
1800.765,3127.588
2122.457,3132.81
2298.614,3130.023
1804.9,3129.7
2579.846,3130.154
2450.862,3132.494
2595.7,3133.983
2406.617,3137.309
1337.536,3133.25
1505.096,3135.233
1914.809,3134.794
2214.379,3133.276
2178.5,3135.375
1907.543,3137.2
1343.385,3135
2111.549,3138.823
1895.717,3141.717
1464.153,3146.167
1693.75,3140.031
1768.091,3138.182
1591.417,3139.667
1647.652,3141.261
1804.13,3143.043
2225.516,3143.672
1503.783,3142.261
2121.1,3142.667
2474.267,3144.333
1495.9,3145.55
1864.296,3148.479
2115.545,3150
2465.955,3150.659
1995.4,3148.8
1347.523,3153.523
1356.844,3152.938
1395.154,3155.769
1603.105,3154.453
1715.636,3159.364
2684.313,3161.438
1391.391,3163.174
1729,3160.833
1618.289,3165.978
1840.709,3167.806
1921,3169.455
1957.024,3165.268
2509.625,3165.8
2498,3166
1586.923,3165.077
1360.28,3168
1755.388,3179.469
1862.8,3166.95
2433.924,3169.663
2343.049,3172
1961.48,3170.88
1616.278,3172.833
1969,3171.5
1473.22,3180.28
1740.341,3180.781
2164.414,3179.345
1622.826,3182.652
1594.396,3188.953
2163.619,3186.286
1741.803,3190.574
1504.635,3194.211
1554.645,3197.064
2117.87,3196.174
1643.18,3203.523
2562.898,3201.551
1822.341,3213.476
2378.938,3212.631
1505.085,3213.851
2166.783,3217.565
1512.561,3217.561
2069.167,3216
2077.333,3217.944
2310.822,3219.533
1428,3220.167
2076.113,3227.913
2364.954,3230.292
1655.788,3233.461
2121.013,3232.311
2134.897,3233
1982.491,3235.094
1484.746,3238.407
2240.903,3238.14
1903.062,3241.385
1469.875,3239.188
1620.795,3244.273
1951.651,3245.674
2421.375,3245.75
2197.317,3251.016
2291.493,3251.972
2141.474,3250.316
1607.5,3252.5
2135.158,3254.105
2467.162,3260.924
2206.461,3257.692
2401.436,3263.513
1982.302,3262.628
2227.404,3265.234
2246.188,3264.604
2256.54,3269.104
2155.04,3267.68
2136.829,3268.8
2189.04,3269.76
1651.744,3277.692
2222.111,3278.472
2204.542,3281.354
1834.455,3283.313
2077.548,3297.024
1956.738,3301.654
2085.051,3299.667
2313.865,3306.865
1835.815,3325.963
2011.632,3333.21
1841,3335.488
